epoch,best,mean,std
0,0.054603275174379025,0.04665946846951823,0.0015843353667336017
1,0.061956103592262605,0.0486972520990527,0.0027013167949598133
2,0.08539670057907073,0.05190049916546827,0.004470566966774808
3,0.08773732642912419,0.05554512532387534,0.006270619718660078
4,0.11022126824558248,0.060334423841075735,0.008812120219980507
5,0.1250223059328,0.0661453996538377,0.011873378005989602
6,0.13810878054415102,0.07363489104041844,0.01528794113911357
7,0.14852566578678209,0.07996240656266909,0.02094951344922063
8,0.1603259817047419,0.08378762291472762,0.025069466544714297
9,0.17083270187496846,0.09093892281922297,0.026905649861411477
10,0.17195004204579556,0.09691497799499364,0.030654684079125315
11,0.19480018039353988,0.1021980845348537,0.03527268608964579
12,0.23204724742803529,0.10324070154331882,0.04215017260529526
13,0.24832420268369923,0.11253475970111121,0.04430940276675229
14,0.24832420268369923,0.11719616688220012,0.046504127183461516
15,0.24832420268369923,0.11914810336778611,0.05273190348669721
16,0.24832420268369923,0.12989365284566098,0.052100817761608666
17,0.24832420268369923,0.13535632995830868,0.05793002303071282
18,0.24832420268369923,0.13242879477649688,0.06359772853969406
19,0.2554132598035863,0.1421156438483362,0.06300241004422798
20,0.2554132598035863,0.1452755902466767,0.06768870435561058
21,0.27293485606826867,0.15036237323684185,0.06887364597456731
22,0.27293485606826867,0.1395783516621222,0.07363915178017971
23,0.27293485606826867,0.15065230852327818,0.07390444228202318
24,0.27293485606826867,0.1530411833577523,0.07702461021908404
25,0.2732178360123041,0.15083020717994813,0.07726112135229124
26,0.30255548771272966,0.1563692846419939,0.0800494555309831
27,0.3113013294922445,0.16641918812720052,0.07964952479207864
28,0.3113013294922445,0.1597272680309444,0.08449314392307286
29,0.3138678457327849,0.16467669069870272,0.0853650439948912
30,0.3138678457327849,0.17030752235338692,0.08451826821353271
31,0.31775864935781606,0.1584247707212423,0.08695280709538744
32,0.3202162074934973,0.16176327485362954,0.08948990312486774
33,0.3202162074934973,0.16317514871043182,0.0879287753621059
34,0.3202162074934973,0.16103768445131736,0.08800441707088891
35,0.3202162074934973,0.1557120981526903,0.0883668535122771
36,0.33708289766760785,0.15219308877323134,0.08955115186304555
37,0.33708289766760785,0.15553803198947835,0.08857260982250376
38,0.3393591914780866,0.1633825659222328,0.08694712630852713
39,0.3500149922599207,0.1641209506801289,0.09090628754064405
40,0.3500149922599207,0.14927929221095912,0.09062521392193783
41,0.377465576791708,0.1713031197713377,0.09111914606473226
42,0.377465576791708,0.16181934437720116,0.09596471016603617
43,0.38064565618775975,0.15782996981583963,0.09308067627099141
44,0.38064565618775975,0.1590442335405832,0.09502493669574354
45,0.38064565618775975,0.1530373448440975,0.09562638390674393
46,0.38064565618775975,0.1688386929004793,0.09375191782801966
47,0.38064565618775975,0.16080670669343286,0.09696497229957164
48,0.39573652654577174,0.1697126155872858,0.09976713363806369
49,0.41347068806791215,0.1668567433897761,0.1044195958641174
50,0.44794796610692705,0.17074556025331034,0.10511780694497747
51,0.44794796610692705,0.18048625717111916,0.10490133909534889
52,0.44794796610692705,0.18219878922801103,0.10933101879972047
53,0.44794796610692705,0.1881999760014705,0.10963208855208607
54,0.527507928490114,0.1872595096378926,0.1144863492597695
55,0.527507928490114,0.16962561913269958,0.11888063657501674
56,0.527507928490114,0.18466880792916346,0.12208603096568285
57,0.5283849457946068,0.19809254495223982,0.12216364742258404
58,0.5463303440091025,0.17869140445463613,0.1226607891064039
59,0.5463303440091025,0.19025496298793218,0.1265140254254359
60,0.5463303440091025,0.17510418682303366,0.12753242944404325
61,0.5463303440091025,0.1812635368572573,0.12726202195340408
62,0.5463303440091025,0.2045236797238867,0.12049219771439848
63,0.5463303440091025,0.20856832362140224,0.13346669084711477
64,0.5463303440091025,0.20744886278739952,0.14569097562266195
65,0.5516633426682247,0.2023627945174213,0.14205414434525895
66,0.5516633426682247,0.20338399817755526,0.14086178444304934
67,0.5774417423532272,0.20403251285357543,0.14122696417697456
68,0.5774417423532272,0.18553649598639543,0.13873278177212764
69,0.5774417423532272,0.22444693316942754,0.13354252292999946
70,0.5774417423532272,0.2059576463457606,0.1381952888118284
71,0.5774668301713579,0.22865549884039132,0.14503007741245613
72,0.5774668301713579,0.22206475521202296,0.15303490988656332
73,0.5955302446345789,0.21077769322470566,0.1441630094485151
74,0.637993071252365,0.23205176210985312,0.14246125207669105
75,0.637993071252365,0.2459235571444763,0.15416833872017377
76,0.637993071252365,0.23484486272654867,0.16201547649162643
77,0.637993071252365,0.24803322606491024,0.1626981005860148
78,0.637993071252365,0.2601919287148352,0.171175443140839
79,0.686095775038063,0.27636801647798437,0.17999724374210035
80,0.686095775038063,0.2503187968017647,0.1816714799231217
81,0.686095775038063,0.2528151483191498,0.18343622454656613
82,0.686095775038063,0.25221227503817467,0.1834706461231116
83,0.686095775038063,0.2519991017997559,0.18862735133107833
84,0.686095775038063,0.2864331047923962,0.18384273574125765
85,0.686095775038063,0.2782677101828176,0.1894979240379897
86,0.686095775038063,0.2776326627012591,0.19595956546218957
87,0.6945248929093184,0.3236195403555297,0.19432961192225962
88,0.6945248929093184,0.3025615785522337,0.20718733231419204
89,0.6945248929093184,0.29004576177078983,0.2105038390477257
90,0.6945248929093184,0.32783989048725487,0.2072401999156317
91,0.6945248929093184,0.2746015082159263,0.21714115507632387
92,0.6945248929093184,0.2706265925787356,0.21222691168556257
93,0.6945248929093184,0.28159332484459715,0.20890481113944115
94,0.6945248929093184,0.2605342988098164,0.20573166820069302
95,0.6945248929093184,0.30007566619802883,0.2003145722956443
96,0.6945248929093184,0.28069921355358096,0.21563956888091296
97,0.6945248929093184,0.2595698653871137,0.2125268964584431
98,0.6945248929093184,0.2893735126584645,0.21444619639095666
99,0.6945248929093184,0.2829889965271878,0.20991892390368047
100,0.6945248929093184,0.2572444362283565,0.20809039717567016
101,0.6945248929093184,0.2551682745262478,0.1997397423653005
102,0.6945248929093184,0.28744320886001734,0.2012105647098848
103,0.6945248929093184,0.29159375473220667,0.21409467799784943
104,0.6945248929093184,0.29505878855587586,0.21448737076363109
105,0.6991953303090468,0.30585159206222584,0.219642996154587
106,0.6991953303090468,0.34641772544174637,0.21564097211755356
107,0.7053234401630907,0.33404463972354703,0.2303392309827369
108,0.7053234401630907,0.3366421319860406,0.23697982297525674
109,0.7053234401630907,0.3493566979969562,0.24431066823389763
110,0.7080031301453718,0.29960046063390433,0.2510435718205593
111,0.7177661308572434,0.32901745234425417,0.24016138292473646
112,0.718011607033409,0.29447936939463293,0.24736162502752032
113,0.718011607033409,0.31010639166816933,0.23548965900195717
114,0.7217566396369005,0.30799954903209487,0.24609037125386377
115,0.7493988946798814,0.33912050687054696,0.246962172975056
116,0.7493988946798814,0.31201837895277373,0.2562405378618497
117,0.7493988946798814,0.31688077623863253,0.2503569579004181
118,0.7493988946798814,0.33019062146698624,0.24919605291895766
119,0.7652973022948086,0.3111694768780438,0.25602033230435656
120,0.8046150213100656,0.33806249380874964,0.2541036312899795
121,0.8046150213100656,0.3456076308834606,0.25171280019696446
122,0.8046150213100656,0.3556856144905974,0.25613568541575116
123,0.8046150213100656,0.3324122662636181,0.2646137087442185
124,0.8046150213100656,0.3879274861254995,0.26359154730537454
125,0.8094167151087608,0.3670767684283124,0.2823970340666173
126,0.8094167151087608,0.3686689684964237,0.2888645323225113
127,0.8094167151087608,0.3479387652080446,0.28864780075195456
128,0.8266290258794793,0.379573835276919,0.2899630871430773
129,0.8317907123404886,0.39613602148717414,0.2922379780505977
130,0.8317907123404886,0.3738863729372473,0.29070197622696003
131,0.8317907123404886,0.39254833311567516,0.2948105318622424
132,0.8317907123404886,0.4066774698374383,0.30331736564152734
133,0.8317907123404886,0.3902238787231971,0.31127066328102443
134,0.8317907123404886,0.41207073470062444,0.3184111692056578
135,0.8364517375999023,0.45229062375515705,0.3176085148108426
136,0.8364517375999023,0.4033050560058399,0.32481344576506554
137,0.8364517375999023,0.42729479178913626,0.3223817474220531
138,0.8364517375999023,0.41975288792676113,0.32879048335550504
139,0.8389528631660276,0.38681041131686106,0.3249348416053792
140,0.8389528631660276,0.3372274505836157,0.3132964079727644
141,0.8424454940797512,0.33625233237052055,0.29579911698104155
142,0.845673178886485,0.37083692948710256,0.28692287680958195
143,0.845673178886485,0.4067142716488384,0.2939730601008054
144,0.845673178886485,0.3789898450298604,0.3052159986322048
145,0.8684808915473661,0.3504947450085225,0.300999558952054
146,0.8796876006531735,0.33952926850651066,0.29640797690981546
147,0.9044805865991522,0.34147575547977216,0.28751941399250625
148,0.9044805865991522,0.3360017279300514,0.2782298402379785
149,0.9044805865991522,0.33477095446965954,0.27415836584441894
150,0.9044805865991522,0.32272034256245974,0.2840483401386307
151,0.9044805865991522,0.313368804887803,0.27487799753133
152,0.9044805865991522,0.33335894737126937,0.265396708722072
153,0.9070881858837404,0.3291285741918793,0.27077568294307175
154,0.9113986238144578,0.33189139616898455,0.2720003260024187
155,0.9113986238144578,0.35302681055169866,0.2803663220616093
156,0.9113986238144578,0.32769368050182995,0.2875624827770856
157,0.9175715604680832,0.31551924301456197,0.2752987506097602
158,0.9175715604680832,0.29421005934756883,0.25419042915742773
159,0.9175715604680832,0.3204550874453421,0.2492956288831899
160,0.9175715604680832,0.3328075493365668,0.25614301713715065
161,0.9175715604680832,0.33879687699186795,0.2683451168567134
162,0.9175715604680832,0.37339400388527355,0.2797928173144177
163,0.9175715604680832,0.3482128490652459,0.28256931007044644
164,0.9175715604680832,0.3705530445230362,0.28277539129959217
165,0.9175715604680832,0.3712093486089243,0.29021112458462084
166,0.9175715604680832,0.36066534828596164,0.29227875114725516
167,0.9175715604680832,0.3993597768292368,0.29687977263201315
168,0.9175715604680832,0.3783582281641944,0.3032482277354238
169,0.9175715604680832,0.3548612837469389,0.2941492896203435
170,0.9175715604680832,0.3556338597214082,0.28753849114119995
171,0.9261052223363051,0.3272080214898379,0.2794358892721659
172,0.9261052223363051,0.3748891063849183,0.2754296291386916
173,0.9261052223363051,0.3460712509338625,0.28436515699060766
174,0.9261052223363051,0.3213851365356444,0.27719352917326523
175,0.9261052223363051,0.2831653970587065,0.24893475866076845
176,0.9261052223363051,0.27658965662000357,0.24071013071841613
177,0.9261052223363051,0.2694323672583923,0.23788315133610458
178,0.9261052223363051,0.29331159190876244,0.23463906834757617
179,0.9261052223363051,0.30222090301718735,0.23325534349849594
180,0.9261052223363051,0.2925070801866627,0.22791478934306533
181,0.9261052223363051,0.3125317644932691,0.22469525749593658
182,0.9261052223363051,0.266675533267704,0.22980712577048415
183,0.9261052223363051,0.2791021851099446,0.22637528419475542
184,0.9261052223363051,0.268995838908348,0.21871312370084364
185,0.9261052223363051,0.26123317770047166,0.2195350110452077
186,0.9261052223363051,0.29570816432143654,0.22078471256897472
187,0.940655413196121,0.30435674430254894,0.23954019545792818
188,0.940655413196121,0.28564655957019724,0.23634808256342452
189,0.940655413196121,0.2831927994771829,0.2357345203007526
190,0.940655413196121,0.2652179591887835,0.23086238466502343
191,0.940655413196121,0.2950006177378977,0.2221406037392097
192,0.940655413196121,0.2814091514132845,0.2260170427275027
193,0.940655413196121,0.30210092073077793,0.23906559953441
194,0.940655413196121,0.28925618283562937,0.23246491648835574
195,0.940655413196121,0.319077711626644,0.24041457311517792
196,0.940655413196121,0.3192028170183188,0.2551286209928409
197,0.940655413196121,0.30861523891219134,0.2607067804269511
198,0.940655413196121,0.33556689095081715,0.2582180762077533
199,0.940655413196121,0.3556199409397148,0.26504869275082854
200,0.940655413196121,0.36150813180889785,0.2780976569686072
201,0.9422853200047808,0.3363599569034038,0.287355234849194
202,0.9422853200047808,0.3151978055828756,0.2811326885940146
203,0.9422853200047808,0.3059135534022249,0.27395221681742965
204,0.9422853200047808,0.3058769548230156,0.2605202889205034
205,0.9422853200047808,0.2950956656803911,0.24967071391382925
206,0.9422853200047808,0.31275768136640303,0.2550843300505862
207,0.9422853200047808,0.31046594440226494,0.26032310274441667
208,0.9422853200047808,0.30045264852854536,0.24331598971561463
209,0.9422853200047808,0.2841823808174722,0.236038549658858
210,0.9422853200047808,0.2941471821788293,0.21802576012662803
211,0.9422853200047808,0.2703083436775992,0.22240888546303514
212,0.9422853200047808,0.2798755306333615,0.21725078951356216
213,0.9422853200047808,0.2915194124319344,0.2249634735283995
214,0.9422853200047808,0.248354773498309,0.21690082358268817
215,0.9422853200047808,0.249906702571285,0.22074176135974843
216,0.9422853200047808,0.2526928475674444,0.2072493129349558
217,0.9422853200047808,0.2715245331358698,0.22283520826545666
218,0.9422853200047808,0.26212427346191824,0.21513213728851402
219,0.9422853200047808,0.2796575948610879,0.2122798359347686
220,0.9422853200047808,0.2814967823137423,0.2186260963858167
221,0.9422853200047808,0.31595504106195765,0.2231820950918303
222,0.9422853200047808,0.30069910960319407,0.23031932429548996
223,0.9422853200047808,0.29923968248704264,0.24296930466881453
224,0.9422853200047808,0.32836290725838,0.2470865326824863
225,0.9422853200047808,0.33132089643727636,0.25340198487375654
226,0.9422853200047808,0.3453223539628326,0.26272187435264793
227,0.9422853200047808,0.33456276243225547,0.277190633056539
228,0.9422853200047808,0.3353682437146693,0.27022678934671646
229,0.9422853200047808,0.3647660972368536,0.27965784366024726
230,0.9422853200047808,0.372140215437478,0.2926191272634083
231,0.9422853200047808,0.37173126588426514,0.2966250359093859
232,0.9457501561646716,0.35501594376395407,0.3037839749682211
233,0.9457501561646716,0.3666293286019418,0.2954813308184334
234,0.9457501561646716,0.3718239349515522,0.28779969420780865
235,0.9457501561646716,0.3566031704630755,0.2924247795952003
236,0.9457501561646716,0.3459215378875524,0.2944327238345935
237,0.9457501561646716,0.3751949993754987,0.2867612575029705
238,0.9457501561646716,0.3986676650868335,0.2962743487502316
239,0.9457501561646716,0.40207795063878216,0.30920272622985134
240,0.9457501561646716,0.4002719278150435,0.32114801578236
241,0.9457501561646716,0.3864418814177104,0.3208068447186929
242,0.9457501561646716,0.4143578529838724,0.3089936355421494
243,0.9457501561646716,0.38597710119959083,0.31467136929595124
244,0.9457501561646716,0.3919155289508644,0.3121380024665623
245,0.9457501561646716,0.44722836496692325,0.3036071977460943
246,0.9457501561646716,0.4129353501548623,0.32590677224403425
247,0.9457501561646716,0.4365542195429953,0.33303066678743426
248,0.9457501561646716,0.3962299900753871,0.3370356704652192
249,0.9457501561646716,0.42368807124724184,0.33295774149525365
250,0.9457501561646716,0.3979415012109795,0.337106297487145
251,0.9457501561646716,0.3830887635661354,0.3290216340183137
252,0.9457501561646716,0.39415638350199667,0.32240241370172557
253,0.9457501561646716,0.3571504578111032,0.3141597068210025
254,0.9457501561646716,0.39350891982166036,0.30958332916985926
255,0.9457501561646716,0.3870260726390758,0.3036960664080282
256,0.9457501561646716,0.3403939138097713,0.31010966439627075
257,0.9457501561646716,0.36600065466343096,0.3081620526723658
258,0.9457501561646716,0.3510597916405682,0.30484965721474105
259,0.9457501561646716,0.35475353994811143,0.29535519612869693
260,0.9457501561646716,0.3935966792009856,0.29260915149591843
261,0.9457501561646716,0.41558445429292695,0.30936880088499275
262,0.9457501561646716,0.41528866028340944,0.32365329886670086
263,0.9457501561646716,0.4026964063062322,0.32529829641487246
264,0.9457501561646716,0.40140928138393783,0.32223591392537854
265,0.9457501561646716,0.39311163376645036,0.3127490537508261
266,0.9457501561646716,0.38566920126706533,0.31920345674304246
267,0.9457501561646716,0.37663347495778476,0.3236373192808597
268,0.9457501561646716,0.4092965573156296,0.3163209904560353
269,0.9457501561646716,0.3996869371064872,0.32884768325675895
270,0.9457501561646716,0.40362076733586355,0.3291251465764717
271,0.9457501561646716,0.4349680631360344,0.3188211727325643
272,0.9457501561646716,0.42404127107768075,0.33467274939536423
273,0.9473193482493467,0.42578604226177896,0.34649352482659956
274,0.9473193482493467,0.4105640039977666,0.35237224541047024
275,0.9473193482493467,0.38939557052607165,0.33861318142087576
276,0.9473193482493467,0.3879920161423672,0.3365212447752091
277,0.9473193482493467,0.3332402860061686,0.3293048814128978
278,0.9473193482493467,0.3527900411196247,0.3130963750115751
279,0.9473193482493467,0.3390024796864561,0.302502427365988
280,0.9473193482493467,0.3130171111329871,0.2850988332341815
281,0.9476351812202162,0.3302156045281155,0.2718851908497059
282,0.9494190837135447,0.34122259975080604,0.272160955504768
283,0.9494190837135447,0.3425367809989166,0.28344472547640576
284,0.9511113731648673,0.3428896735751724,0.27301916510192126
285,0.9511113731648673,0.36212677287025313,0.27886011717028786
286,0.9511113731648673,0.3350664860721126,0.2853076850474173
287,0.9511113731648673,0.3067940333363572,0.2870376467805814
288,0.9522332622835407,0.3274958766375449,0.2760148068301587
289,0.9591903867675385,0.3484333766586067,0.2863151397403606
290,0.9603246845389604,0.32894855364280656,0.2855046696654283
291,0.9603246845389604,0.3298591712596036,0.2797000295091808
292,0.9603246845389604,0.33077929013883633,0.2701068514559149
293,0.9603246845389604,0.3581730634334424,0.2766407518206154
294,0.9603246845389604,0.37752702110801656,0.2703291843742757
295,0.9603246845389604,0.36364021392318147,0.2927005260341179
296,0.9603246845389604,0.3807183917980035,0.29644796293906983
297,0.9603246845389604,0.381434207043733,0.30455352940932934
298,0.9603246845389604,0.40966651789873293,0.31581412325238295
299,0.9603246845389604,0.38557299892357677,0.32876713900599386
300,0.9614500866925583,0.39404988555792475,0.319675907195274
301,0.9614500866925583,0.36142897234291044,0.3297456870814694
302,0.9614500866925583,0.37803382197963464,0.32671963607346366
303,0.9614500866925583,0.3692071772757063,0.3137220377026197
304,0.9614500866925583,0.354665157940627,0.30975238436430813
305,0.9614500866925583,0.327358489019541,0.29655623179597296
306,0.9614500866925583,0.28925478213474526,0.26962460395511006
307,0.9614500866925583,0.30353132040956515,0.26655433314749094
308,0.9614500866925583,0.3205021215357712,0.26452131837402926
309,0.9614500866925583,0.3010332748481683,0.2518587742364981
310,0.9614500866925583,0.31005756342293705,0.26004674777808623
311,0.9614500866925583,0.30207586197752184,0.25132459746082214
312,0.9614500866925583,0.27961885133712777,0.2405685119128076
313,0.9614500866925583,0.3143905159377621,0.25063506680308856
314,0.9614500866925583,0.32775947923623494,0.2632110372358733
315,0.9614500866925583,0.34399011229823234,0.2789789840522856
316,0.9621945231861383,0.32798722550385945,0.2801097077333429
317,0.9621945231861383,0.33117761889631436,0.2898459855162559
318,0.9621945231861383,0.3319454743623905,0.28389538471906717
319,0.9621945231861383,0.33507737471053245,0.2808087497287909
320,0.9621945231861383,0.3597505007291876,0.29274473159651837
321,0.9621945231861383,0.38078916389249684,0.29418507645234687
322,0.9621945231861383,0.37073714518604045,0.2953453562954221
323,0.9621945231861383,0.39927239992600033,0.3068109790418219
324,0.9621945231861383,0.39180330055451396,0.3071066648363899
325,0.9621945231861383,0.37885140015549124,0.31483710347918176
326,0.9621945231861383,0.41039317864090297,0.31267254685686985
327,0.9621945231861383,0.4412994796991155,0.32247673028543417
328,0.9621945231861383,0.45024311842418213,0.3374485053382805
329,0.9621945231861383,0.41341241991117944,0.3477692984113415
330,0.9632591568654861,0.44977561628490537,0.34372493226483025
331,0.9655141096616434,0.44539961229020864,0.3591706325141009
332,0.9655141096616434,0.4657898774248331,0.3566644796645214
333,0.9655141096616434,0.4855748152872876,0.36112672554337577
334,0.9655141096616434,0.444369068705004,0.370103691229566
335,0.9655141096616434,0.4166650747076537,0.3652072584283034
336,0.9655141096616434,0.4368660748314941,0.3650977466262757
337,0.9655141096616434,0.4167433446934658,0.35933023553142057
338,0.9655141096616434,0.42527586017443336,0.3595574199096121
339,0.9655141096616434,0.411233123519017,0.34657486282165695
340,0.9655141096616434,0.38595904420193433,0.3344304147825521
341,0.9655141096616434,0.4049770235184232,0.31960289242481055
342,0.9655141096616434,0.40754959057595397,0.32890381002799246
343,0.9655141096616434,0.41068243855236575,0.3416043658076842
344,0.9655141096616434,0.4476447162014964,0.34027784160129515
345,0.9655141096616434,0.46566339417772057,0.3473039105483386
346,0.9655141096616434,0.4725136433660408,0.36347563819720213
347,0.9655141096616434,0.45655610164956634,0.37024634513811555
348,0.9655141096616434,0.41431165429518824,0.36633451578009213
349,0.9655141096616434,0.39070206989875556,0.3477875134585578
350,0.9655141096616434,0.44945388768313854,0.3386431299976389
351,0.9655141096616434,0.384363506567847,0.3474832664807258
352,0.9655141096616434,0.3728520583618934,0.3286934801300665
353,0.9655141096616434,0.32050944130737974,0.30627600656226484
354,0.9655141096616434,0.36843757014032824,0.31312510023845125
355,0.9655141096616434,0.35671195959680146,0.3051604812285725
356,0.9658520371876231,0.3368637836831962,0.30416616956244563
357,0.9658520371876231,0.34718117487371664,0.29353039818962834
358,0.9671317824028177,0.39743296721556487,0.2915479694551114
359,0.9671317824028177,0.36739540354127276,0.319863348475032
360,0.9671317824028177,0.3893659449392806,0.3216098152199604
361,0.96804336517753,0.3771307283958887,0.32011600245506355
362,0.96804336517753,0.40308329972094736,0.3259848902124395
363,0.96804336517753,0.4101324895228204,0.3429316539881331
364,0.96804336517753,0.4210708498964332,0.3365607008318292
365,0.96804336517753,0.42516252693288775,0.3517744227841477
366,0.9680575548869215,0.401544809682301,0.35384790356950324
367,0.9680575548869215,0.37118640180063267,0.33486121193097346
368,0.9680575548869215,0.37480267960564045,0.33239791011036013
369,0.9680575548869215,0.36952749540934837,0.3252256442952143
370,0.9680575548869215,0.32831638588864986,0.3017551107893713
371,0.9681688536273567,0.34861915213599887,0.29352246293634165
372,0.9681688536273567,0.32424787924300047,0.2923191246408544
373,0.9681688536273567,0.3284924386101027,0.2905089935260936
374,0.9681688536273567,0.34243097897195374,0.2793832230407863
375,0.9703566358410239,0.38033525092568016,0.2803473456257992
376,0.972377893911594,0.38701603032116966,0.3026808535393336
377,0.972377893911594,0.3866359612498309,0.3106444361008263
378,0.972377893911594,0.37700761484888373,0.31989447650280006
379,0.972377893911594,0.38905505901946585,0.31707490351236645
380,0.9798290185971942,0.3525169442825363,0.32661536405397806
381,0.9798290185971942,0.3317804608169768,0.3137042441560229
382,0.9798290185971942,0.3177532253325625,0.29367573934690916
383,0.9798290185971942,0.33996475117383684,0.29866518734348263
384,0.9798290185971942,0.32647444699650885,0.289813595114163
385,0.9798290185971942,0.3235162318273509,0.2885907235849282
386,0.9798290185971942,0.3410409721093846,0.2802604532066009
387,0.9798290185971942,0.3244691025070293,0.287214487855311
388,0.9798290185971942,0.3640727192997953,0.2813877136649103
389,0.9798290185971942,0.3619285039885789,0.2913768716782098
390,0.9798290185971942,0.3277373392527331,0.2836133167665795
391,0.9798290185971942,0.3486099390130731,0.27660696047635835
392,0.9798290185971942,0.3541235848608722,0.28401355735423434
393,0.9798290185971942,0.3651619469455051,0.2790639706183939
394,0.9798290185971942,0.3655829806132975,0.28913020612436896
395,0.9798290185971942,0.364837466159473,0.3081480567136078
396,0.9798290185971942,0.3600096039005735,0.31899418327494816
397,0.9798290185971942,0.32314496547182553,0.3040301545432642
398,0.9798290185971942,0.31841211878748976,0.2858021401669124
399,0.9798290185971942,0.31832679465030195,0.28081344233126676
400,0.9798290185971942,0.3061802866102568,0.27855873263891184
401,0.9798290185971942,0.3078083363331676,0.25993584885148624
402,0.9798290185971942,0.2880395028548679,0.24505045915045398
403,0.9798290185971942,0.30655091566126363,0.2501298447639794
404,0.9798290185971942,0.3270215415973114,0.259152567798869
405,0.9798290185971942,0.3136466794397708,0.260657703491146
406,0.9798290185971942,0.3311523975300079,0.2625789045907854
407,0.9798290185971942,0.33543612871477274,0.2642973191508097
408,0.9812668978480369,0.3248307598790871,0.26995763172095955
409,0.9812668978480369,0.33810258827494183,0.27805635227598946
410,0.9812668978480369,0.38223133394274167,0.2972506228692448
411,0.9812668978480369,0.38622860258236924,0.3110000213127842
412,0.9812668978480369,0.3864750341493647,0.3128301292690585
413,0.9812668978480369,0.3695382240571561,0.3179920121407837
414,0.9812668978480369,0.3672577720615667,0.31260578603156947
415,0.9812668978480369,0.3777657598924616,0.3107435189167283
416,0.9812668978480369,0.35126283886821197,0.31040013163129054
417,0.9812668978480369,0.34933644606832015,0.30351866961189516
418,0.9812668978480369,0.3411220731107005,0.30163349155118757
419,0.9812668978480369,0.336664496696067,0.29463013891503986
420,0.9812668978480369,0.3602240497251453,0.30020237010478035
421,0.9812668978480369,0.4160518321299886,0.30027827197892853
422,0.9817869604244934,0.347767740079356,0.31047458996417454
423,0.9817869604244934,0.3685378347232975,0.30958413556970177
424,0.9817869604244934,0.4016145587706242,0.3025806526461075
425,0.9817869604244934,0.3625118659104909,0.3053330589702516
426,0.9817869604244934,0.33429823982117157,0.290327444988984
427,0.9817869604244934,0.3556570589605474,0.2971922050543022
428,0.9817869604244934,0.3703531593933085,0.3006606188036857
429,0.9817869604244934,0.35217444537463855,0.29609381552470165
430,0.9817869604244934,0.3661801273637628,0.30628166314869987
431,0.9817869604244934,0.3684441169294891,0.31237443214003163
432,0.9817869604244934,0.32306184096893875,0.29628809050547
433,0.9817869604244934,0.31059998961730106,0.2936166812189061
434,0.9817869604244934,0.2906299832850055,0.2839009098982824
435,0.9817869604244934,0.29042017171169054,0.2651229804913167
436,0.9817869604244934,0.2676310953327258,0.24161774286045787
437,0.9817869604244934,0.26627063165148435,0.23019859835693904
438,0.9817869604244934,0.241600968913293,0.21593859454707823
439,0.9817869604244934,0.24522805934205386,0.21102227434836837
440,0.9817869604244934,0.259316184486535,0.18818403748215362
441,0.9817869604244934,0.27427198101928163,0.19826443101454683
442,0.9817869604244934,0.25979009447503204,0.20900393312100735
443,0.9817869604244934,0.3014732554088163,0.21265617898065786
444,0.9817869604244934,0.29644990518162273,0.23295311131597266
445,0.9817869604244934,0.300009263299341,0.23709669602361758
446,0.9817869604244934,0.3104343693734996,0.23589611386526246
447,0.9817869604244934,0.33499884087403925,0.2582902860145333
448,0.9817869604244934,0.34474585377569444,0.2705903844603574
449,0.9817869604244934,0.3352648232666608,0.27381408788645056
450,0.9817869604244934,0.3378183765528346,0.2816140610435105
451,0.9817869604244934,0.36371814214848025,0.2901807858754296
452,0.9817869604244934,0.36402201096548237,0.2971881204341912
453,0.9817869604244934,0.3958023585368461,0.3029247640223659
454,0.9817869604244934,0.3874096224814025,0.31426882708684684
455,0.9817869604244934,0.388736366785308,0.3180723018775839
456,0.9817869604244934,0.3914695469745745,0.31815508232714734
457,0.9817869604244934,0.4080456357854506,0.31865348418693834
458,0.9817869604244934,0.38007643830067367,0.3220347583071006
459,0.9817869604244934,0.39824859495180864,0.31727417557695187
460,0.9817869604244934,0.3776453954400488,0.3170812064292073
461,0.9817869604244934,0.3849795555917575,0.3138604586609073
462,0.9817869604244934,0.3735022673188682,0.318739007782927
463,0.9817869604244934,0.3544596599996373,0.30886898657565687
464,0.9817869604244934,0.36143103182667313,0.3005040369234939
465,0.9817869604244934,0.3614806873159479,0.2901368966621654
466,0.9817869604244934,0.37020873190881143,0.2864462668121951
467,0.9817869604244934,0.3926257563607982,0.2937412844805635
468,0.9817869604244934,0.39843900946256405,0.3117011725432354
469,0.9817869604244934,0.3840490107751766,0.31615869524100154
470,0.9817869604244934,0.36170578940531845,0.3174835816045838
471,0.9817869604244934,0.3430916152734669,0.30833185262328294
472,0.9817869604244934,0.3830997351125534,0.30929312234934697
473,0.9817869604244934,0.35837554767026975,0.310563722731156
474,0.9817869604244934,0.4098622537257721,0.3094693947137331
475,0.9817869604244934,0.36691162444046405,0.3176171647296864
476,0.9817869604244934,0.40090674857217823,0.3114932575679991
477,0.9817869604244934,0.36115220894257904,0.3145752509944908
478,0.9817869604244934,0.3643609250996493,0.3171413538131218
479,0.9817869604244934,0.4219269007854355,0.3182850547736052
480,0.9817869604244934,0.36469142464225274,0.3238656061315785
481,0.9817869604244934,0.40630379560394475,0.3174798957377791
482,0.9817869604244934,0.35209058563346257,0.31751981319288247
483,0.9817869604244934,0.3802606346857057,0.309608000977698
484,0.9817869604244934,0.35790810039736687,0.3107670839332121
485,0.9817869604244934,0.3769135845104401,0.31118394210280076
486,0.9817869604244934,0.3508896348792038,0.310542220358076
487,0.9817869604244934,0.3539064597901328,0.3051071906980263
488,0.9818194669139902,0.3605471000760956,0.31299560460597836
489,0.9818194669139902,0.3306297219429945,0.30568045483832496
490,0.9818194669139902,0.32062278388746174,0.299251414131469
491,0.9818194669139902,0.31408191628843796,0.2889104998219995
492,0.9818194669139902,0.3252508012953768,0.27728542265971007
493,0.9818194669139902,0.32975495193059495,0.2787238638916793
494,0.9818194669139902,0.2970216514837766,0.27139063315805745
495,0.9818194669139902,0.28577072788334495,0.2591916132046733
496,0.9818194669139902,0.27718690640779325,0.246877256379512
497,0.9818194669139902,0.28673044424570465,0.24335821415776668
498,0.9818194669139902,0.2833393076045527,0.23419031102459853
499,0.9818194669139902,0.3071056142724214,0.24912889307501457
